{"cameraMode":{"drawMode":0,"name":"Shaded","section":"Shading Mode"},"sceneLighting":true,"audioPlay":false,"sceneViewState":{"m_AlwaysRefresh":false,"showFog":true,"showSkybox":true,"showFlares":true,"showImageEffects":true,"showParticleSystems":true,"showVisualEffectGraphs":true,"m_FxEnabled":true},"in2DMode":false,"pivot":{"x":-0.7117219567298889,"y":-0.09965002536773682,"z":0.19852271676063538},"rotation":{"x":-0.06632453948259354,"y":0.7837457656860352,"z":-0.08498185873031616,"w":-0.6116644740104675},"size":1.480880618095398,"orthographic":false}